{
  "project_info": {
    "project_number": "1087021732646",
    "project_id": "mohammed-project-three",
    "storage_bucket": "mohammed-project-three.firebasestorage.app"
  },
  "client": [
    {
      "client_info": {
        "mobilesdk_app_id": "1:1087021732646:android:43d5672536e72b30bae7e7",
        "android_client_info": {
          "package_name": "com.example.mohammed_project_three"
        }
      },
      "oauth_client": [],
      "api_key": [
        {
          "current_key": "AIzaSyCINbDhdL-H0FXmw5862MlnfuKKzy-yBbg"
        }
      ],
      "services": {
        "appinvite_service": {
          "other_platform_oauth_client": []
        }
      }
    }
  ],
  "configuration_version": "1"
}